timestamp,symbol,qty,avg_entry,current,market_value,unreal_pl,unreal_plpc
2025-09-27T22:42:31Z,ANIP,262.98779590,95.05,93.05,24471.01,-525.98,-0.021042
2025-09-27T22:42:31Z,APH,203.02111589,123.13,122.60,24890.39,-107.60,-0.004304
2025-09-27T22:42:31Z,CENX,958.95550441,26.07,27.99,26841.16,1841.19,0.073648
2025-09-27T22:42:31Z,EAT,180.94955124,138.16,132.19,23919.72,-1080.27,-0.043211
2025-09-27T22:48:55Z,ANIP,262.98779590,95.05,93.05,24471.01,-525.98,-0.021042
2025-09-27T22:48:55Z,APH,203.02111589,123.13,122.60,24890.39,-107.60,-0.004304
2025-09-27T22:48:55Z,CENX,958.95550441,26.07,27.99,26841.16,1841.19,0.073648
2025-09-27T22:48:55Z,EAT,180.94955124,138.16,132.19,23919.72,-1080.27,-0.043211
2025-09-27T22:54:02Z,ANIP,262.98779590,95.05,93.05,24471.01,-525.98,-0.021042
2025-09-27T22:54:02Z,APH,203.02111589,123.13,122.60,24890.39,-107.60,-0.004304
2025-09-27T22:54:02Z,CENX,958.95550441,26.07,27.99,26841.16,1841.19,0.073648
2025-09-27T22:54:02Z,EAT,180.94955124,138.16,132.19,23919.72,-1080.27,-0.043211
2025-09-27T23:13:33Z,ANIP,262.98779590,95.05,93.05,24471.01,-525.98,-0.021042
2025-09-27T23:13:33Z,APH,203.02111589,123.13,122.60,24890.39,-107.60,-0.004304
2025-09-27T23:13:33Z,CENX,958.95550441,26.07,27.99,26841.16,1841.19,0.073648
2025-09-27T23:13:33Z,EAT,180.94955124,138.16,132.19,23919.72,-1080.27,-0.043211
2025-09-29T13:22:41Z,ANIP,262.98779590,95.05,94.51,24854.98,-142.01,-0.005681
2025-09-29T13:22:41Z,APH,203.02111589,123.13,123.77,25127.92,129.93,0.005198
2025-09-29T13:22:41Z,CENX,958.95550441,26.07,28.85,27665.87,2665.90,0.106636
2025-09-29T13:22:41Z,EAT,180.94955124,138.16,132.19,23919.72,-1080.27,-0.043211
2025-09-29T13:42:54Z,ANIP,262.98779590,95.05,92.50,24326.37,-670.62,-0.026828
2025-09-29T13:42:54Z,APH,203.02111589,123.13,123.76,25125.89,127.90,0.005117
2025-09-29T13:42:54Z,CENX,958.95550441,26.07,29.80,28576.87,3576.90,0.143076
2025-09-29T13:42:54Z,EAT,180.94955124,138.16,131.83,23854.58,-1145.41,-0.045816
2025-09-29T13:52:04Z,ANIP,262.98779590,95.05,92.31,24276.40,-720.59,-0.028827
2025-09-29T13:52:04Z,APH,203.02111589,123.13,122.92,24956.37,-41.62,-0.001665
2025-09-29T13:52:04Z,CENX,958.95550441,26.07,29.70,28485.77,3485.80,0.139432
2025-09-29T13:52:04Z,EAT,180.94955124,138.16,132.14,23910.67,-1089.32,-0.043573
2025-09-29T13:58:22Z,ANIP,262.98779590,95.05,92.54,24336.89,-660.10,-0.026407
2025-09-29T13:58:22Z,APH,203.02111589,123.13,122.72,24914.75,-83.24,-0.003330
2025-09-29T13:58:22Z,CENX,958.95550441,26.07,29.62,28404.26,3404.29,0.136172
2025-09-29T13:58:22Z,EAT,180.94955124,138.16,131.97,23879.91,-1120.08,-0.044803
2025-09-29T14:15:58Z,ANIP,262.98779590,95.05,92.63,24360.56,-636.43,-0.025460
2025-09-29T14:15:58Z,APH,203.02111589,123.13,120.94,24554.39,-443.60,-0.017745
2025-09-29T14:15:58Z,CENX,958.95550441,26.07,29.35,28145.34,3145.37,0.125815
2025-09-29T14:15:58Z,EAT,180.94955124,138.16,131.98,23881.72,-1118.27,-0.044731
2025-09-29T14:35:04Z,ANIP,262.98779590,95.05,92.73,24386.86,-610.13,-0.024408
2025-09-29T14:35:04Z,APH,203.02111589,123.13,121.69,24705.64,-292.35,-0.011695
2025-09-29T14:35:04Z,CENX,958.95550441,26.07,29.93,28701.54,3701.57,0.148063
2025-09-29T14:35:04Z,EAT,180.94955124,138.16,130.93,23691.72,-1308.27,-0.052331
2025-09-29T14:45:47Z,ANIP,262.98779590,95.05,92.63,24360.56,-636.43,-0.025460
2025-09-29T14:45:47Z,APH,203.02111589,123.13,121.50,24668.08,-329.91,-0.013197
2025-09-29T14:45:47Z,CENX,958.95550441,26.07,29.72,28500.64,3500.67,0.140027
2025-09-29T14:45:47Z,EAT,180.94955124,138.16,130.83,23673.63,-1326.36,-0.053054
2025-09-29T14:51:51Z,ANIP,262.98779590,95.05,92.25,24260.62,-736.37,-0.029458
2025-09-29T14:51:51Z,APH,203.02111589,123.13,121.68,24703.61,-294.38,-0.011776
2025-09-29T14:51:51Z,CENX,958.95550441,26.07,29.81,28586.46,3586.49,0.143460
2025-09-29T14:51:51Z,EAT,180.94955124,138.16,130.48,23610.30,-1389.69,-0.055588
2025-09-29T14:57:50Z,ANIP,262.98779590,95.05,92.32,24279.03,-717.96,-0.028722
2025-09-29T14:57:50Z,APH,203.02111589,123.13,121.61,24689.40,-308.59,-0.012345
2025-09-29T14:57:50Z,CENX,958.95550441,26.07,29.82,28596.05,3596.08,0.143843
2025-09-29T14:57:50Z,EAT,180.94955124,138.16,130.52,23617.54,-1382.45,-0.055298
2025-09-29T15:14:50Z,ANIP,262.98779590,95.05,92.18,24242.22,-754.77,-0.030195
2025-09-29T15:14:50Z,APH,203.02111589,123.13,121.80,24727.97,-270.02,-0.010802
2025-09-29T15:14:50Z,CENX,958.95550441,26.07,29.48,28271.16,3271.19,0.130848
2025-09-29T15:14:50Z,EAT,180.94955124,138.16,131.22,23743.30,-1256.69,-0.050268
2025-09-29T15:31:35Z,ANIP,262.98779590,95.05,91.96,24184.36,-812.63,-0.032509
2025-09-29T15:31:35Z,APH,203.02111589,123.13,121.47,24660.97,-337.02,-0.013482
2025-09-29T15:31:35Z,CENX,958.95550441,26.07,29.87,28644.00,3644.03,0.145761
2025-09-29T15:31:35Z,EAT,180.94955124,138.16,131.13,23727.91,-1272.08,-0.050883
2025-09-29T15:42:02Z,ANIP,262.98779590,95.05,91.94,24179.10,-817.89,-0.032720
2025-09-29T15:42:02Z,APH,203.02111589,123.13,121.25,24616.31,-381.68,-0.015268
2025-09-29T15:42:02Z,CENX,958.95550441,26.07,29.63,28413.85,3413.88,0.136555
2025-09-29T15:42:02Z,EAT,180.94955124,138.16,131.48,23791.25,-1208.74,-0.048350
2025-09-29T15:48:15Z,ANIP,262.98779590,95.05,92.02,24200.14,-796.85,-0.031878
2025-09-29T15:48:15Z,APH,203.02111589,123.13,121.35,24636.61,-361.38,-0.014456
2025-09-29T15:48:15Z,CENX,958.95550441,26.07,29.69,28471.39,3471.42,0.138857
2025-09-29T15:48:15Z,EAT,180.94955124,138.16,131.31,23760.49,-1239.50,-0.049580
2025-09-29T15:55:15Z,ANIP,262.98779590,95.05,91.39,24034.45,-962.54,-0.038506
2025-09-29T15:55:15Z,APH,203.02111589,123.13,121.53,24673.16,-324.83,-0.012994
2025-09-29T15:55:15Z,CENX,958.95550441,26.07,29.54,28327.55,3327.58,0.133103
2025-09-29T15:55:15Z,EAT,180.94955124,138.16,131.20,23740.58,-1259.41,-0.050376
2025-09-29T16:09:17Z,ANIP,262.98779590,95.05,91.45,24050.23,-946.76,-0.037875
2025-09-29T16:09:17Z,APH,203.02111589,123.13,121.36,24638.64,-359.35,-0.014375
2025-09-29T16:09:17Z,CENX,958.95550441,26.07,29.41,28202.88,3202.91,0.128117
2025-09-29T16:09:17Z,EAT,180.94955124,138.16,130.79,23666.39,-1333.60,-0.053344
2025-09-29T16:29:07Z,ANIP,262.98779590,95.05,91.22,23988.43,-1008.56,-0.040347
2025-09-29T16:29:07Z,APH,203.02111589,123.13,121.57,24681.28,-316.71,-0.012670
2025-09-29T16:29:07Z,CENX,958.95550441,26.07,29.46,28246.03,3246.06,0.129843
2025-09-29T16:29:07Z,EAT,180.94955124,138.16,130.56,23624.77,-1375.22,-0.055009
2025-09-29T16:38:10Z,ANIP,262.98779590,95.05,91.27,24002.90,-994.09,-0.039769
2025-09-29T16:38:10Z,APH,203.02111589,123.13,121.51,24669.10,-328.89,-0.013157
2025-09-29T16:38:10Z,CENX,958.95550441,26.07,29.44,28231.65,3231.68,0.129267
2025-09-29T16:38:10Z,EAT,180.94955124,138.16,130.30,23577.33,-1422.66,-0.056906
2025-09-29T16:44:35Z,ANIP,262.98779590,95.05,91.58,24083.11,-913.88,-0.036560
2025-09-29T16:44:35Z,APH,203.02111589,123.13,121.26,24618.34,-379.65,-0.015187
2025-09-29T16:44:35Z,CENX,958.95550441,26.07,29.44,28229.25,3229.28,0.129171
2025-09-29T16:44:35Z,EAT,180.94955124,138.16,130.32,23580.44,-1419.55,-0.056782
2025-09-29T16:50:18Z,ANIP,262.98779590,95.05,91.58,24084.42,-912.57,-0.036507
2025-09-29T16:50:18Z,APH,203.02111589,123.13,121.15,24596.01,-401.98,-0.016081
2025-09-29T16:50:18Z,CENX,958.95550441,26.07,29.53,28317.96,3317.99,0.132720
2025-09-29T16:50:18Z,EAT,180.94955124,138.16,130.20,23558.73,-1441.26,-0.057651
2025-09-29T16:56:35Z,ANIP,262.98779590,95.05,91.49,24060.75,-936.24,-0.037454
2025-09-29T16:56:35Z,APH,203.02111589,123.13,121.25,24616.31,-381.68,-0.015268
2025-09-29T16:56:35Z,CENX,958.95550441,26.07,29.47,28260.42,3260.45,0.130418
2025-09-29T16:56:35Z,EAT,180.94955124,138.16,130.26,23570.49,-1429.50,-0.057180
2025-09-29T17:11:20Z,ANIP,262.98779590,95.05,91.60,24089.68,-907.31,-0.036297
2025-09-29T17:11:20Z,APH,203.02111589,123.13,121.20,24605.14,-392.85,-0.015715
2025-09-29T17:11:20Z,CENX,958.95550441,26.07,29.49,28279.60,3279.63,0.131185
2025-09-29T17:11:20Z,EAT,180.94955124,138.16,130.48,23610.30,-1389.69,-0.055588
2025-09-29T17:28:41Z,ANIP,262.98779590,95.05,91.58,24084.42,-912.57,-0.036507
2025-09-29T17:28:41Z,APH,203.02111589,123.13,121.03,24571.65,-426.34,-0.017055
2025-09-29T17:28:41Z,CENX,958.95550441,26.07,29.35,28145.34,3145.37,0.125815
2025-09-29T17:28:41Z,EAT,180.94955124,138.16,131.71,23832.87,-1167.12,-0.046685
2025-09-29T17:36:34Z,ANIP,262.98779590,95.05,91.66,24104.15,-892.84,-0.035718
2025-09-29T17:36:34Z,APH,203.02111589,123.13,121.08,24582.81,-415.18,-0.016608
2025-09-29T17:36:34Z,CENX,958.95550441,26.07,29.43,28222.06,3222.09,0.128884
2025-09-29T17:36:34Z,EAT,180.94955124,138.16,131.78,23846.44,-1153.55,-0.046142
2025-09-29T17:42:51Z,ANIP,262.98779590,95.05,91.69,24113.35,-883.64,-0.035350
2025-09-29T17:42:51Z,APH,203.02111589,123.13,120.97,24559.48,-438.51,-0.017542
2025-09-29T17:42:51Z,CENX,958.95550441,26.07,29.41,28203.84,3203.87,0.128155
2025-09-29T17:42:51Z,EAT,180.94955124,138.16,131.75,23840.10,-1159.89,-0.046395
2025-09-29T17:49:06Z,ANIP,262.98779590,95.05,91.62,24094.94,-902.05,-0.036086
2025-09-29T17:49:06Z,APH,203.02111589,123.13,120.95,24556.01,-441.98,-0.017681
2025-09-29T17:49:06Z,CENX,958.95550441,26.07,29.39,28183.70,3183.73,0.127349
2025-09-29T17:49:06Z,EAT,180.94955124,138.16,131.76,23841.91,-1158.08,-0.046323
2025-09-29T17:54:41Z,ANIP,262.98779590,95.05,91.68,24110.72,-886.27,-0.035455
2025-09-29T17:54:41Z,APH,203.02111589,123.13,120.98,24562.51,-435.48,-0.017421
2025-09-29T17:54:41Z,CENX,958.95550441,26.07,29.51,28298.78,3298.81,0.131952
2025-09-29T17:54:41Z,EAT,180.94955124,138.16,131.65,23822.01,-1177.98,-0.047119
2025-09-29T18:00:21Z,ANIP,262.98779590,95.05,91.52,24068.64,-928.35,-0.037138
2025-09-29T18:00:21Z,APH,203.02111589,123.13,120.81,24526.98,-471.01,-0.018842
2025-09-29T18:00:21Z,CENX,958.95550441,26.07,29.47,28260.42,3260.45,0.130418
2025-09-29T18:00:21Z,EAT,180.94955124,138.16,131.86,23860.01,-1139.98,-0.045599
2025-09-29T18:29:13Z,ANIP,262.98779590,95.05,91.15,23971.34,-1025.65,-0.041031
2025-09-29T18:29:13Z,APH,203.02111589,123.13,120.55,24474.20,-523.79,-0.020953
2025-09-29T18:29:13Z,CENX,958.95550441,26.07,29.30,28097.40,3097.43,0.123897
2025-09-29T18:29:13Z,EAT,180.94955124,138.16,131.80,23849.15,-1150.84,-0.046034
2025-09-29T18:48:08Z,ANIP,262.98779590,95.05,91.28,24005.53,-991.46,-0.039663
2025-09-29T18:48:08Z,APH,203.02111589,123.13,120.61,24485.50,-512.49,-0.020501
2025-09-29T18:48:08Z,CENX,958.95550441,26.07,29.32,28116.58,3116.61,0.124664
2025-09-29T18:48:08Z,EAT,180.94955124,138.16,131.72,23835.58,-1164.41,-0.046576
2025-09-29T18:55:32Z,ANIP,262.98779590,95.05,90.89,23902.96,-1094.03,-0.043766
2025-09-29T18:55:32Z,APH,203.02111589,123.13,120.52,24468.10,-529.89,-0.021197
2025-09-29T18:55:32Z,CENX,958.95550441,26.07,29.28,28078.22,3078.25,0.123130
2025-09-29T18:55:32Z,EAT,180.94955124,138.16,131.88,23864.53,-1135.46,-0.045418
2025-09-29T19:07:53Z,ANIP,262.98779590,95.05,90.95,23918.74,-1078.25,-0.043135
2025-09-29T19:07:53Z,APH,203.02111589,123.13,120.41,24445.77,-552.22,-0.022090
2025-09-29T19:07:53Z,CENX,958.95550441,26.07,29.34,28139.11,3139.14,0.125566
2025-09-29T19:07:53Z,EAT,180.94955124,138.16,131.79,23847.34,-1152.65,-0.046106
2025-09-29T19:22:52Z,ANIP,262.98779590,95.05,90.73,23860.88,-1136.11,-0.045450
2025-09-29T19:22:52Z,APH,203.02111589,123.13,120.62,24487.39,-510.60,-0.020426
2025-09-29T19:22:52Z,CENX,958.95550441,26.07,29.36,28154.93,3154.96,0.126199
2025-09-29T19:22:52Z,EAT,180.94955124,138.16,131.70,23831.96,-1168.03,-0.046721
2025-09-29T19:28:33Z,ANIP,262.98779590,95.05,90.87,23897.70,-1099.29,-0.043977
2025-09-29T19:28:33Z,APH,203.02111589,123.13,120.63,24490.94,-507.05,-0.020283
2025-09-29T19:28:33Z,CENX,958.95550441,26.07,29.34,28140.55,3140.58,0.125623
2025-09-29T19:28:33Z,EAT,180.94955124,138.16,131.74,23838.29,-1161.70,-0.046468
2025-09-29T19:36:20Z,ANIP,262.98779590,95.05,91.31,24013.42,-983.57,-0.039348
2025-09-29T19:36:20Z,APH,203.02111589,123.13,120.77,24518.86,-479.13,-0.019167
2025-09-29T19:36:20Z,CENX,958.95550441,26.07,29.26,28059.04,3059.07,0.122363
2025-09-29T19:36:20Z,EAT,180.94955124,138.16,131.94,23873.58,-1126.41,-0.045056
2025-09-29T19:43:07Z,ANIP,262.98779590,95.05,91.39,24034.45,-962.54,-0.038506
2025-09-29T19:43:07Z,APH,203.02111589,123.13,120.86,24537.13,-460.86,-0.018436
2025-09-29T19:43:07Z,CENX,958.95550441,26.07,29.39,28183.70,3183.73,0.127349
2025-09-29T19:43:07Z,EAT,180.94955124,138.16,131.72,23834.67,-1165.32,-0.046613
2025-09-29T19:49:20Z,ANIP,262.98779590,95.05,91.82,24147.54,-849.45,-0.033982
2025-09-29T19:49:20Z,APH,203.02111589,123.13,120.72,24509.72,-488.27,-0.019532
2025-09-29T19:49:20Z,CENX,958.95550441,26.07,29.50,28293.98,3294.01,0.131761
2025-09-29T19:49:20Z,EAT,180.94955124,138.16,131.99,23883.53,-1116.46,-0.044658
2025-09-29T19:55:37Z,ANIP,262.98779590,95.05,92.20,24247.47,-749.52,-0.029984
2025-09-29T19:55:37Z,APH,203.02111589,123.13,120.76,24516.32,-481.67,-0.019268
2025-09-29T19:55:37Z,CENX,958.95550441,26.07,29.39,28183.70,3183.73,0.127349
2025-09-29T19:55:37Z,EAT,180.94955124,138.16,132.13,23908.86,-1091.13,-0.043645
2025-09-29T20:11:07Z,ANIP,262.98779590,95.05,91.93,24176.47,-820.52,-0.032825
2025-09-29T20:11:07Z,APH,203.02111589,123.13,121.01,24567.59,-430.40,-0.017218
2025-09-29T20:11:07Z,CENX,958.95550441,26.07,29.40,28188.50,3188.53,0.127541
2025-09-29T20:11:07Z,EAT,180.94955124,138.16,132.97,24060.86,-939.13,-0.037565
2025-09-29T20:26:49Z,ANIP,262.98779590,95.05,91.93,24176.47,-820.52,-0.032825
2025-09-29T20:26:49Z,APH,203.02111589,123.13,121.20,24606.81,-391.18,-0.015649
2025-09-29T20:26:49Z,CENX,958.95550441,26.07,29.99,28759.08,3759.11,0.150364
2025-09-29T20:26:49Z,EAT,180.94955124,138.16,132.97,24060.86,-939.13,-0.037565
2025-09-29T20:35:38Z,ANIP,262.98779590,95.05,91.93,24176.47,-820.52,-0.032825
2025-09-29T20:35:38Z,APH,203.02111589,123.13,121.20,24606.81,-391.18,-0.015649
2025-09-29T20:35:38Z,CENX,958.95550441,26.07,29.99,28759.08,3759.11,0.150364
2025-09-29T20:35:38Z,EAT,180.94955124,138.16,132.97,24060.86,-939.13,-0.037565
2025-09-29T20:43:07Z,ANIP,262.98779590,95.05,91.93,24176.47,-820.52,-0.032825
2025-09-29T20:43:07Z,APH,203.02111589,123.13,121.20,24606.81,-391.18,-0.015649
2025-09-29T20:43:07Z,CENX,958.95550441,26.07,29.99,28759.08,3759.11,0.150364
2025-09-29T20:43:07Z,EAT,180.94955124,138.16,132.97,24060.86,-939.13,-0.037565
2025-09-29T20:49:12Z,ANIP,262.98779590,95.05,91.93,24176.47,-820.52,-0.032825
2025-09-29T20:49:12Z,APH,203.02111589,123.13,121.20,24606.81,-391.18,-0.015649
2025-09-29T20:49:12Z,CENX,958.95550441,26.07,29.99,28759.08,3759.11,0.150364
2025-09-29T20:49:12Z,EAT,180.94955124,138.16,132.97,24060.86,-939.13,-0.037565
2025-09-29T20:54:44Z,ANIP,262.98779590,95.05,91.93,24176.47,-820.52,-0.032825
2025-09-29T20:54:44Z,APH,203.02111589,123.13,121.20,24606.81,-391.18,-0.015649
2025-09-29T20:54:44Z,CENX,958.95550441,26.07,29.87,28647.07,3647.10,0.145884
2025-09-29T20:54:44Z,EAT,180.94955124,138.16,132.97,24060.86,-939.13,-0.037565
2025-09-29T21:00:12Z,ANIP,262.98779590,95.05,91.93,24176.47,-820.52,-0.032825
2025-09-29T21:00:12Z,APH,203.02111589,123.13,121.20,24606.81,-391.18,-0.015649
2025-09-29T21:00:12Z,CENX,958.95550441,26.07,29.87,28647.07,3647.10,0.145884
2025-09-29T21:00:12Z,EAT,180.94955124,138.16,132.97,24060.86,-939.13,-0.037565
2025-09-30T13:22:20Z,ANIP,262.98779590,95.05,91.93,24176.47,-820.52,-0.032825
2025-09-30T13:22:20Z,APH,203.02111589,123.13,121.24,24614.28,-383.71,-0.015350
2025-09-30T13:22:20Z,CENX,958.95550441,26.07,29.18,27982.32,2982.35,0.119294
2025-09-30T13:22:20Z,EAT,180.94955124,138.16,132.00,23885.34,-1114.65,-0.044586
2025-09-30T13:42:35Z,ANIP,262.98779590,95.05,91.93,24177.70,-819.29,-0.032775
2025-09-30T13:42:35Z,APH,203.02111589,123.13,122.94,24958.40,-39.59,-0.001584
2025-09-30T13:42:35Z,CENX,958.95550441,26.07,29.09,27896.02,2896.05,0.115842
2025-09-30T13:42:35Z,EAT,180.94955124,138.16,130.94,23692.63,-1307.36,-0.052294
2025-09-30T13:52:14Z,ANIP,262.98779590,95.05,92.51,24329.00,-667.99,-0.026723
2025-09-30T13:52:14Z,APH,203.02111589,123.13,122.70,24909.68,-88.31,-0.003533
2025-09-30T13:52:14Z,CENX,958.95550441,26.07,28.92,27732.99,2733.02,0.109321
2025-09-30T13:52:14Z,EAT,180.94955124,138.16,130.49,23612.09,-1387.90,-0.055516
2025-09-30T13:58:10Z,ANIP,262.98779590,95.05,92.59,24350.04,-646.95,-0.025881
2025-09-30T13:58:10Z,APH,203.02111589,123.13,123.07,24985.81,-12.18,-0.000487
2025-09-30T13:58:10Z,CENX,958.95550441,26.07,28.92,27728.20,2728.23,0.109129
2025-09-30T13:58:10Z,EAT,180.94955124,138.16,129.89,23503.54,-1496.45,-0.059858
2025-09-30T14:15:49Z,ANIP,262.98779590,95.05,92.43,24307.96,-689.03,-0.027564
2025-09-30T14:15:49Z,APH,203.02111589,123.13,122.75,24920.84,-77.15,-0.003086
2025-09-30T14:15:49Z,CENX,958.95550441,26.07,28.96,27766.56,2766.59,0.110664
2025-09-30T14:15:49Z,EAT,180.94955124,138.16,128.41,23235.73,-1764.26,-0.070570
2025-09-30T14:33:28Z,ANIP,262.98779590,95.05,92.20,24247.47,-749.52,-0.029984
2025-09-30T14:33:28Z,APH,203.02111589,123.13,122.77,24924.90,-73.09,-0.002924
2025-09-30T14:33:28Z,CENX,958.95550441,26.07,29.20,28001.50,3001.53,0.120061
2025-09-30T14:33:28Z,EAT,180.94955124,138.16,127.42,23055.69,-1944.30,-0.077772
2025-09-30T14:43:46Z,ANIP,262.98779590,95.05,92.01,24197.51,-799.48,-0.031983
2025-09-30T14:43:46Z,APH,203.02111589,123.13,122.56,24883.28,-114.71,-0.004589
2025-09-30T14:43:46Z,CENX,958.95550441,26.07,29.15,27953.55,2953.58,0.118143
2025-09-30T14:43:46Z,EAT,180.94955124,138.16,127.15,23007.74,-1992.25,-0.079690
2025-09-30T14:50:29Z,ANIP,262.98779590,95.05,91.82,24147.54,-849.45,-0.033982
2025-09-30T14:50:29Z,APH,203.02111589,123.13,122.70,24910.69,-87.30,-0.003492
2025-09-30T14:50:29Z,CENX,958.95550441,26.07,29.15,27953.55,2953.58,0.118143
2025-09-30T14:50:29Z,EAT,180.94955124,138.16,126.70,22926.31,-2073.68,-0.082947
2025-09-30T14:56:15Z,ANIP,262.98779590,95.05,91.67,24108.09,-888.90,-0.035560
2025-09-30T14:56:15Z,APH,203.02111589,123.13,122.84,24939.11,-58.88,-0.002355
2025-09-30T14:56:15Z,CENX,958.95550441,26.07,29.14,27939.17,2939.20,0.117568
2025-09-30T14:56:15Z,EAT,180.94955124,138.16,126.72,22929.02,-2070.97,-0.082839
2025-09-30T15:10:15Z,ANIP,262.98779590,95.05,91.87,24160.69,-836.30,-0.033456
2025-09-30T15:10:15Z,APH,203.02111589,123.13,123.07,24985.81,-12.18,-0.000487
2025-09-30T15:10:15Z,CENX,958.95550441,26.07,29.04,27843.27,2843.30,0.113732
2025-09-30T15:10:15Z,EAT,180.94955124,138.16,126.25,22844.88,-2155.11,-0.086204
2025-09-30T15:28:21Z,ANIP,262.98779590,95.05,91.99,24192.25,-804.74,-0.032194
2025-09-30T15:28:21Z,APH,203.02111589,123.13,122.39,24847.75,-150.24,-0.006010
2025-09-30T15:28:21Z,CENX,958.95550441,26.07,28.78,27598.74,2598.77,0.103951
2025-09-30T15:28:21Z,EAT,180.94955124,138.16,126.28,22849.40,-2150.59,-0.086023
2025-09-30T15:38:00Z,ANIP,262.98779590,95.05,92.10,24221.18,-775.81,-0.031036
2025-09-30T15:38:00Z,APH,203.02111589,123.13,122.57,24884.30,-113.69,-0.004548
2025-09-30T15:38:00Z,CENX,958.95550441,26.07,28.76,27584.36,2584.39,0.103376
2025-09-30T15:38:00Z,EAT,180.94955124,138.16,126.20,22834.93,-2165.06,-0.086602
2025-09-30T15:44:56Z,ANIP,262.98779590,95.05,92.09,24218.55,-778.44,-0.031142
2025-09-30T15:44:56Z,APH,203.02111589,123.13,122.52,24874.15,-123.84,-0.004954
2025-09-30T15:44:56Z,CENX,958.95550441,26.07,28.87,27685.05,2685.08,0.107403
2025-09-30T15:44:56Z,EAT,180.94955124,138.16,126.33,22859.36,-2140.63,-0.085625
2025-09-30T15:51:07Z,ANIP,262.98779590,95.05,92.30,24273.77,-723.22,-0.028932
2025-09-30T15:51:07Z,APH,203.02111589,123.13,122.76,24922.87,-75.12,-0.003005
2025-09-30T15:51:07Z,CENX,958.95550441,26.07,28.91,27723.40,2723.43,0.108937
2025-09-30T15:51:07Z,EAT,180.94955124,138.16,126.21,22837.64,-2162.35,-0.086494
2025-09-30T15:56:41Z,ANIP,262.98779590,95.05,92.15,24234.33,-762.66,-0.030510
2025-09-30T15:56:41Z,APH,203.02111589,123.13,122.46,24861.97,-136.02,-0.005441
2025-09-30T15:56:41Z,CENX,958.95550441,26.07,28.93,27742.58,2742.61,0.109705
2025-09-30T15:56:41Z,EAT,180.94955124,138.16,126.08,22815.02,-2184.97,-0.087399
2025-09-30T16:14:59Z,ANIP,262.98779590,95.05,92.10,24221.18,-775.81,-0.031036
2025-09-30T16:14:59Z,APH,203.02111589,123.13,122.37,24843.69,-154.30,-0.006172
2025-09-30T16:14:59Z,CENX,958.95550441,26.07,29.03,27838.77,2838.80,0.113552
2025-09-30T16:14:59Z,EAT,180.94955124,138.16,126.07,22812.31,-2187.68,-0.087507
2025-09-30T16:37:23Z,ANIP,262.98779590,95.05,92.74,24389.49,-607.50,-0.024303
2025-09-30T16:37:23Z,APH,203.02111589,123.13,122.37,24843.69,-154.30,-0.006172
2025-09-30T16:37:23Z,CENX,958.95550441,26.07,29.26,28063.83,3063.86,0.122555
2025-09-30T16:37:23Z,EAT,180.94955124,138.16,126.42,22874.74,-2125.25,-0.085010
2025-09-30T16:49:30Z,ANIP,262.98779590,95.05,92.41,24303.31,-693.68,-0.027751
2025-09-30T16:49:30Z,APH,203.02111589,123.13,122.54,24877.19,-120.80,-0.004832
2025-09-30T16:49:30Z,CENX,958.95550441,26.07,29.25,28049.45,3049.48,0.121979
2025-09-30T16:49:30Z,EAT,180.94955124,138.16,126.06,22810.50,-2189.49,-0.087580
2025-09-30T16:55:33Z,ANIP,262.98779590,95.05,92.74,24389.49,-607.50,-0.024303
2025-09-30T16:55:33Z,APH,203.02111589,123.13,122.66,24902.57,-95.42,-0.003817
2025-09-30T16:55:33Z,CENX,958.95550441,26.07,29.34,28140.55,3140.58,0.125623
2025-09-30T16:55:33Z,EAT,180.94955124,138.16,126.34,22861.17,-2138.82,-0.085553
2025-09-30T17:08:39Z,ANIP,262.98779590,95.05,93.15,24497.31,-499.68,-0.019989
2025-09-30T17:08:39Z,APH,203.02111589,123.13,122.53,24876.18,-121.81,-0.004873
2025-09-30T17:08:39Z,CENX,958.95550441,26.07,29.23,28030.27,3030.30,0.121212
2025-09-30T17:08:39Z,EAT,180.94955124,138.16,126.28,22850.76,-2149.23,-0.085969
2025-09-30T17:27:13Z,ANIP,262.98779590,95.05,92.77,24397.38,-599.61,-0.023987
2025-09-30T17:27:13Z,APH,203.02111589,123.13,122.36,24840.85,-157.14,-0.006286
2025-09-30T17:27:13Z,CENX,958.95550441,26.07,29.10,27905.61,2905.64,0.116226
2025-09-30T17:27:13Z,EAT,180.94955124,138.16,126.04,22806.88,-2193.11,-0.087724
2025-09-30T17:37:33Z,ANIP,262.98779590,95.05,92.76,24394.75,-602.24,-0.024093
2025-09-30T17:37:33Z,APH,203.02111589,123.13,122.00,24769.59,-228.40,-0.009137
2025-09-30T17:37:33Z,CENX,958.95550441,26.07,29.02,27828.89,2828.92,0.113157
2025-09-30T17:37:33Z,EAT,180.94955124,138.16,125.58,22722.74,-2277.25,-0.091090
2025-09-30T17:44:15Z,ANIP,262.98779590,95.05,93.06,24473.64,-523.35,-0.020936
2025-09-30T17:44:15Z,APH,203.02111589,123.13,122.19,24807.15,-190.84,-0.007634
2025-09-30T17:44:15Z,CENX,958.95550441,26.07,29.18,27987.12,2987.15,0.119486
2025-09-30T17:44:15Z,EAT,180.94955124,138.16,125.66,22738.12,-2261.87,-0.090475
2025-09-30T17:50:29Z,ANIP,262.98779590,95.05,93.00,24457.87,-539.12,-0.021568
2025-09-30T17:50:29Z,APH,203.02111589,123.13,122.52,24873.13,-124.86,-0.004995
2025-09-30T17:50:29Z,CENX,958.95550441,26.07,29.26,28059.04,3059.07,0.122363
2025-09-30T17:50:29Z,EAT,180.94955124,138.16,125.74,22752.60,-2247.39,-0.089896
2025-09-30T17:56:50Z,ANIP,262.98779590,95.05,92.95,24444.72,-552.27,-0.022094
2025-09-30T17:56:50Z,APH,203.02111589,123.13,122.55,24880.24,-117.75,-0.004710
2025-09-30T17:56:50Z,CENX,958.95550441,26.07,29.17,27972.73,2972.76,0.118911
2025-09-30T17:56:50Z,EAT,180.94955124,138.16,125.62,22730.88,-2269.11,-0.090764
2025-09-30T18:16:33Z,ANIP,262.98779590,95.05,93.10,24482.85,-514.14,-0.020568
2025-09-30T18:16:33Z,APH,203.02111589,123.13,122.60,24889.37,-108.62,-0.004345
2025-09-30T18:16:33Z,CENX,958.95550441,26.07,29.10,27905.61,2905.64,0.116226
2025-09-30T18:16:33Z,EAT,180.94955124,138.16,126.07,22812.31,-2187.68,-0.087507
2025-09-30T18:40:52Z,ANIP,262.98779590,95.05,92.88,24426.31,-570.68,-0.022830
2025-09-30T18:40:52Z,APH,203.02111589,123.13,122.72,24914.75,-83.24,-0.003330
2025-09-30T18:40:52Z,CENX,958.95550441,26.07,29.14,27943.96,2943.99,0.117760
2025-09-30T18:40:52Z,EAT,180.94955124,138.16,125.56,22719.12,-2280.87,-0.091235
2025-09-30T18:51:21Z,ANIP,262.98779590,95.05,92.72,24384.23,-612.76,-0.024513
2025-09-30T18:51:21Z,APH,203.02111589,123.13,122.77,24924.90,-73.09,-0.002924
2025-09-30T18:51:21Z,CENX,958.95550441,26.07,29.13,27934.37,2934.40,0.117376
2025-09-30T18:51:21Z,EAT,180.94955124,138.16,125.22,22658.50,-2341.49,-0.093660
2025-09-30T18:57:02Z,ANIP,262.98779590,95.05,92.78,24401.32,-595.67,-0.023830
2025-09-30T18:57:02Z,APH,203.02111589,123.13,122.82,24935.05,-62.94,-0.002518
2025-09-30T18:57:02Z,CENX,958.95550441,26.07,29.22,28015.89,3015.92,0.120637
2025-09-30T18:57:02Z,EAT,180.94955124,138.16,125.26,22665.74,-2334.25,-0.093370
2025-09-30T19:10:19Z,ANIP,262.98779590,95.05,92.88,24427.62,-569.37,-0.022777
2025-09-30T19:10:19Z,APH,203.02111589,123.13,123.01,24973.12,-24.87,-0.000995
2025-09-30T19:10:19Z,CENX,958.95550441,26.07,29.23,28030.27,3030.30,0.121212
2025-09-30T19:10:19Z,EAT,180.94955124,138.16,125.25,22663.93,-2336.06,-0.093442
2025-09-30T19:22:34Z,ANIP,262.98779590,95.05,92.59,24350.04,-646.95,-0.025881
2025-09-30T19:22:34Z,APH,203.02111589,123.13,123.27,25026.41,28.42,0.001137
2025-09-30T19:22:34Z,CENX,958.95550441,26.07,29.24,28039.86,3039.89,0.121596
2025-09-30T19:22:34Z,EAT,180.94955124,138.16,125.08,22633.17,-2366.82,-0.094673
2025-09-30T19:28:52Z,ANIP,262.98779590,95.05,92.37,24292.18,-704.81,-0.028196
2025-09-30T19:28:52Z,APH,203.02111589,123.13,123.38,25049.76,51.77,0.002071
2025-09-30T19:28:52Z,CENX,958.95550441,26.07,29.26,28059.04,3059.07,0.122363
2025-09-30T19:28:52Z,EAT,180.94955124,138.16,125.42,22694.69,-2305.30,-0.092212
2025-09-30T19:37:01Z,ANIP,262.98779590,95.05,92.48,24321.11,-675.88,-0.027038
2025-09-30T19:37:01Z,APH,203.02111589,123.13,123.36,25044.68,46.69,0.001868
2025-09-30T19:37:01Z,CENX,958.95550441,26.07,29.28,28083.01,3083.04,0.123322
2025-09-30T19:37:01Z,EAT,180.94955124,138.16,125.67,22739.93,-2260.06,-0.090402
2025-09-30T19:43:34Z,ANIP,262.98779590,95.05,92.41,24302.70,-694.29,-0.027775
2025-09-30T19:43:34Z,APH,203.02111589,123.13,123.42,25055.85,57.86,0.002315
2025-09-30T19:43:34Z,CENX,958.95550441,26.07,29.28,28078.22,3078.25,0.123130
2025-09-30T19:43:34Z,EAT,180.94955124,138.16,125.12,22640.41,-2359.58,-0.094383
2025-09-30T19:49:54Z,ANIP,262.98779590,95.05,91.98,24188.62,-808.37,-0.032339
2025-09-30T19:49:54Z,APH,203.02111589,123.13,123.48,25070.06,72.07,0.002883
2025-09-30T19:49:54Z,CENX,958.95550441,26.07,29.44,28231.65,3231.68,0.129267
2025-09-30T19:49:54Z,EAT,180.94955124,138.16,125.62,22730.88,-2269.11,-0.090764
2025-09-30T19:55:42Z,ANIP,262.98779590,95.05,91.85,24155.43,-841.56,-0.033666
2025-09-30T19:55:42Z,APH,203.02111589,123.13,123.71,25115.74,117.75,0.004710
2025-09-30T19:55:42Z,CENX,958.95550441,26.07,29.52,28308.37,3308.40,0.132336
2025-09-30T19:55:42Z,EAT,180.94955124,138.16,126.30,22853.93,-2146.06,-0.085843
2025-09-30T20:10:56Z,ANIP,262.98779590,95.05,91.60,24089.68,-907.31,-0.036297
2025-09-30T20:10:56Z,APH,203.02111589,123.13,123.75,25123.86,125.87,0.005035
2025-09-30T20:10:56Z,CENX,958.95550441,26.07,29.36,28154.93,3154.96,0.126199
2025-09-30T20:10:56Z,EAT,180.94955124,138.16,126.68,22922.69,-2077.30,-0.083092
2025-09-30T20:30:23Z,ANIP,262.98779590,95.05,91.60,24089.68,-907.31,-0.036297
2025-09-30T20:30:23Z,APH,203.02111589,123.13,123.74,25121.83,123.84,0.004954
2025-09-30T20:30:23Z,CENX,958.95550441,26.07,29.36,28154.93,3154.96,0.126199
2025-09-30T20:30:23Z,EAT,180.94955124,138.16,126.68,22922.69,-2077.30,-0.083092
2025-09-30T20:40:33Z,ANIP,262.98779590,95.05,91.60,24089.68,-907.31,-0.036297
2025-09-30T20:40:33Z,APH,203.02111589,123.13,123.74,25121.83,123.84,0.004954
2025-09-30T20:40:33Z,CENX,958.95550441,26.07,29.36,28154.93,3154.96,0.126199
2025-09-30T20:40:33Z,EAT,180.94955124,138.16,126.68,22922.69,-2077.30,-0.083092
2025-09-30T20:46:12Z,ANIP,262.98779590,95.05,91.60,24089.68,-907.31,-0.036297
2025-09-30T20:46:12Z,APH,203.02111589,123.13,123.74,25121.83,123.84,0.004954
2025-09-30T20:46:12Z,CENX,958.95550441,26.07,29.36,28154.93,3154.96,0.126199
2025-09-30T20:46:12Z,EAT,180.94955124,138.16,126.68,22922.69,-2077.30,-0.083092
2025-09-30T20:52:09Z,ANIP,262.98779590,95.05,91.60,24089.68,-907.31,-0.036297
2025-09-30T20:52:09Z,APH,203.02111589,123.13,123.74,25121.83,123.84,0.004954
2025-09-30T20:52:09Z,CENX,958.95550441,26.07,29.36,28154.93,3154.96,0.126199
2025-09-30T20:52:09Z,EAT,180.94955124,138.16,126.68,22922.69,-2077.30,-0.083092
2025-09-30T20:57:36Z,ANIP,262.98779590,95.05,91.60,24089.68,-907.31,-0.036297
2025-09-30T20:57:36Z,APH,203.02111589,123.13,123.74,25121.83,123.84,0.004954
2025-09-30T20:57:36Z,CENX,958.95550441,26.07,29.36,28154.93,3154.96,0.126199
2025-09-30T20:57:36Z,EAT,180.94955124,138.16,126.68,22922.69,-2077.30,-0.083092
2025-09-30T21:11:55Z,ANIP,262.98779590,95.05,91.60,24089.68,-907.31,-0.036297
2025-09-30T21:11:55Z,APH,203.02111589,123.13,123.74,25121.83,123.84,0.004954
2025-09-30T21:11:55Z,CENX,958.95550441,26.07,29.36,28154.93,3154.96,0.126199
2025-09-30T21:11:55Z,EAT,180.94955124,138.16,126.68,22922.69,-2077.30,-0.083092
2025-10-01T13:22:33Z,ANIP,262.98779590,95.05,91.20,23984.49,-1012.50,-0.040505
2025-10-01T13:22:33Z,APH,203.02111589,123.13,123.99,25172.59,174.60,0.006984
2025-10-01T13:22:33Z,CENX,958.95550441,26.07,29.50,28289.19,3289.22,0.131569
2025-10-01T13:22:33Z,EAT,180.94955124,138.16,125.67,22739.93,-2260.06,-0.090402
2025-10-01T13:43:22Z,ANIP,262.98779590,95.05,91.32,24016.05,-980.94,-0.039243
2025-10-01T13:43:22Z,APH,203.02111589,123.13,122.96,24962.46,-35.53,-0.001421
2025-10-01T13:43:22Z,CENX,958.95550441,26.07,29.46,28254.19,3254.22,0.130169
2025-10-01T13:43:22Z,EAT,180.94955124,138.16,125.90,22781.55,-2218.44,-0.088738
2025-10-01T13:51:53Z,ANIP,262.98779590,95.05,91.29,24008.16,-988.83,-0.039558
2025-10-01T13:51:53Z,APH,203.02111589,123.13,122.49,24867.98,-130.01,-0.005201
2025-10-01T13:51:53Z,CENX,958.95550441,26.07,29.70,28476.18,3476.21,0.139049
2025-10-01T13:51:53Z,EAT,180.94955124,138.16,126.14,22824.98,-2175.01,-0.087001
2025-10-01T13:57:34Z,ANIP,262.98779590,95.05,90.98,23926.63,-1070.36,-0.042820
2025-10-01T13:57:34Z,APH,203.02111589,123.13,122.44,24857.91,-140.08,-0.005604
2025-10-01T13:57:34Z,CENX,958.95550441,26.07,29.75,28528.93,3528.96,0.141158
2025-10-01T13:57:34Z,EAT,180.94955124,138.16,126.19,22834.02,-2165.97,-0.086639
2025-10-01T14:14:08Z,ANIP,262.98779590,95.05,91.10,23959.50,-1037.49,-0.041504
2025-10-01T14:14:08Z,APH,203.02111589,123.13,123.36,25044.68,46.69,0.001868
2025-10-01T14:14:08Z,CENX,958.95550441,26.07,29.79,28567.28,3567.31,0.142693
2025-10-01T14:14:08Z,EAT,180.94955124,138.16,126.23,22841.26,-2158.73,-0.086349
2025-10-01T14:34:26Z,ANIP,262.98779590,95.05,90.83,23887.18,-1109.81,-0.044398
2025-10-01T14:34:26Z,APH,203.02111589,123.13,124.12,25198.98,200.99,0.008040
2025-10-01T14:34:26Z,CENX,958.95550441,26.07,29.94,28711.13,3711.16,0.148446
2025-10-01T14:34:26Z,EAT,180.94955124,138.16,126.56,22900.98,-2099.01,-0.083961
2025-10-01T14:47:26Z,ANIP,262.98779590,95.05,90.24,23732.02,-1264.97,-0.050605
2025-10-01T14:47:26Z,APH,203.02111589,123.13,124.26,25227.00,229.01,0.009161
2025-10-01T14:47:26Z,CENX,958.95550441,26.07,29.78,28562.49,3562.52,0.142501
2025-10-01T14:47:26Z,EAT,180.94955124,138.16,125.91,22783.36,-2216.63,-0.088665
2025-10-01T14:54:20Z,ANIP,262.98779590,95.05,90.25,23734.91,-1262.08,-0.050489
2025-10-01T14:54:20Z,APH,203.02111589,123.13,124.27,25229.43,231.44,0.009259
2025-10-01T14:54:20Z,CENX,958.95550441,26.07,29.84,28615.23,3615.26,0.144611
2025-10-01T14:54:20Z,EAT,180.94955124,138.16,125.92,22784.26,-2215.73,-0.088629
2025-10-01T14:59:57Z,ANIP,262.98779590,95.05,90.60,23825.38,-1171.61,-0.046870
2025-10-01T14:59:57Z,APH,203.02111589,123.13,124.48,25271.87,273.88,0.010956
2025-10-01T14:59:57Z,CENX,958.95550441,26.07,29.80,28581.67,3581.70,0.143268
2025-10-01T14:59:57Z,EAT,180.94955124,138.16,125.78,22759.83,-2240.16,-0.089606
2025-10-01T15:19:01Z,ANIP,262.98779590,95.05,90.59,23824.06,-1172.93,-0.046923
2025-10-01T15:19:01Z,APH,203.02111589,123.13,124.72,25321.81,323.82,0.012954
2025-10-01T15:19:01Z,CENX,958.95550441,26.07,29.69,28471.39,3471.42,0.138857
2025-10-01T15:19:01Z,EAT,180.94955124,138.16,125.10,22635.88,-2364.11,-0.094564
2025-10-01T15:33:00Z,ANIP,262.98779590,95.05,90.55,23813.54,-1183.45,-0.047344
2025-10-01T15:33:00Z,APH,203.02111589,123.13,124.77,25330.94,332.95,0.013319
2025-10-01T15:33:00Z,CENX,958.95550441,26.07,29.65,28433.03,3433.06,0.137323
2025-10-01T15:33:00Z,EAT,180.94955124,138.16,124.52,22530.93,-2469.06,-0.098762
2025-10-01T15:43:17Z,ANIP,262.98779590,95.05,90.56,23814.86,-1182.13,-0.047291
2025-10-01T15:43:17Z,APH,203.02111589,123.13,124.95,25367.49,369.50,0.014781
2025-10-01T15:43:17Z,CENX,958.95550441,26.07,29.66,28442.62,3442.65,0.137706
2025-10-01T15:49:33Z,ANIP,262.98779590,95.05,90.56,23814.86,-1182.13,-0.047291
2025-10-01T15:49:33Z,APH,203.02111589,123.13,124.97,25371.55,373.56,0.014944
2025-10-01T15:49:33Z,CENX,958.95550441,26.07,29.75,28527.87,3527.90,0.141116
2025-10-01T15:55:25Z,ANIP,262.98779590,95.05,90.18,23717.55,-1279.44,-0.051184
2025-10-01T15:55:25Z,APH,203.02111589,123.13,125.14,25405.05,407.06,0.016284
2025-10-01T15:55:25Z,CENX,958.95550441,26.07,29.75,28528.73,3528.76,0.141151
2025-10-01T16:11:54Z,ANIP,262.98779590,95.05,89.20,23458.51,-1538.48,-0.061547
2025-10-01T16:11:54Z,APH,203.02111589,123.13,125.14,25407.08,409.09,0.016365
2025-10-01T16:11:54Z,CENX,958.95550441,26.07,29.74,28514.54,3514.57,0.140583
2025-10-01T16:36:04Z,ANIP,262.98779590,95.05,89.42,23516.37,-1480.62,-0.059232
2025-10-01T16:36:04Z,APH,203.02111589,123.13,125.24,25426.36,428.37,0.017136
2025-10-01T16:36:04Z,CENX,958.95550441,26.07,29.49,28279.60,3279.63,0.131185
2025-10-01T16:48:49Z,ANIP,262.98779590,95.05,89.18,23451.94,-1545.05,-0.061810
2025-10-01T16:48:49Z,APH,203.02111589,123.13,125.10,25397.94,399.95,0.015999
2025-10-01T16:48:49Z,CENX,958.95550441,26.07,29.46,28250.83,3250.86,0.130035
2025-10-01T16:55:38Z,ANIP,262.98779590,95.05,89.18,23453.25,-1543.74,-0.061757
2025-10-01T16:55:38Z,APH,203.02111589,123.13,125.07,25391.85,393.86,0.015756
2025-10-01T16:55:38Z,CENX,958.95550441,26.07,29.46,28250.83,3250.86,0.130035
2025-10-01T17:02:46Z,ANIP,262.98779590,95.05,88.86,23370.41,-1626.58,-0.065071
2025-10-01T17:02:46Z,APH,203.02111589,123.13,125.21,25420.27,422.28,0.016893
2025-10-01T17:02:46Z,CENX,958.95550441,26.07,29.47,28255.91,3255.94,0.130238
2025-10-01T17:02:46Z,RELY,550.00000000,16.24,16.20,8910.00,-22.00,-0.002463
2025-10-01T17:08:33Z,ANIP,262.98779590,95.05,88.72,23332.28,-1664.71,-0.066597
2025-10-01T17:08:33Z,APH,203.02111589,123.13,125.45,25469.00,471.01,0.018842
2025-10-01T17:08:33Z,CENX,958.95550441,26.07,29.49,28279.60,3279.63,0.131185
2025-10-01T17:08:33Z,RELY,550.00000000,16.24,16.21,8915.50,-16.50,-0.001847
2025-10-01T17:27:17Z,ANIP,262.98779590,95.05,88.72,23330.96,-1666.03,-0.066649
2025-10-01T17:27:17Z,APH,203.02111589,123.13,125.30,25438.55,440.56,0.017624
2025-10-01T17:27:17Z,CENX,958.95550441,26.07,29.35,28145.34,3145.37,0.125815
2025-10-01T17:27:17Z,RELY,550.00000000,16.24,16.18,8896.25,-35.75,-0.004002
2025-10-01T17:37:45Z,ANIP,262.98779590,95.05,89.05,23419.06,-1577.93,-0.063125
2025-10-01T17:37:45Z,APH,203.02111589,123.13,125.01,25379.67,381.68,0.015268
2025-10-01T17:37:45Z,CENX,958.95550441,26.07,29.38,28174.11,3174.14,0.126966
2025-10-01T17:37:45Z,HIMS,195.00000000,57.00,57.08,11130.60,15.60,0.001404
2025-10-01T17:37:45Z,RELY,550.00000000,16.24,16.20,8910.00,-22.00,-0.002463
2025-10-01T17:44:17Z,ANIP,262.98779590,95.05,89.00,23405.91,-1591.08,-0.063651
2025-10-01T17:44:17Z,APH,203.02111589,123.13,125.09,25395.91,397.92,0.015918
2025-10-01T17:44:17Z,CENX,958.95550441,26.07,29.40,28198.09,3198.12,0.127925
2025-10-01T17:44:17Z,HIMS,195.00000000,57.00,57.17,11147.33,32.33,0.002909
2025-10-01T17:44:17Z,RELY,550.00000000,16.24,16.20,8907.25,-24.75,-0.002771
2025-10-01T17:50:31Z,ANIP,262.98779590,95.05,89.48,23532.81,-1464.18,-0.058574
2025-10-01T17:50:31Z,APH,203.02111589,123.13,125.02,25381.70,383.71,0.015350
2025-10-01T17:50:31Z,CENX,958.95550441,26.07,29.32,28116.58,3116.61,0.124664
2025-10-01T17:50:31Z,HIMS,195.00000000,57.00,56.97,11109.15,-5.85,-0.000526
2025-10-01T17:50:31Z,RELY,550.00000000,16.24,16.19,8904.50,-27.50,-0.003079
2025-10-01T17:56:05Z,ANIP,262.98779590,95.05,89.38,23505.85,-1491.14,-0.059653
2025-10-01T17:56:05Z,APH,203.02111589,123.13,124.98,25373.58,375.59,0.015025
2025-10-01T17:56:05Z,CENX,958.95550441,26.07,29.23,28030.27,3030.30,0.121212
2025-10-01T17:56:05Z,HIMS,195.00000000,57.00,56.94,11103.30,-11.70,-0.001053
2025-10-01T17:56:05Z,RELY,550.00000000,16.24,16.26,8943.00,11.00,0.001232
2025-10-01T18:15:23Z,ANIP,262.98779590,95.05,90.36,23763.58,-1233.41,-0.049342
2025-10-01T18:15:23Z,APH,203.02111589,123.13,125.17,25412.15,414.16,0.016568
2025-10-01T18:15:23Z,CENX,958.95550441,26.07,29.32,28121.37,3121.40,0.124856
2025-10-01T18:15:23Z,HIMS,195.00000000,57.00,57.17,11148.15,33.15,0.002982
2025-10-01T18:15:23Z,RELY,550.00000000,16.24,16.32,8976.00,44.00,0.004926
2025-10-01T18:42:16Z,ANIP,262.98779590,95.05,89.40,23511.11,-1485.88,-0.059442
2025-10-01T18:42:16Z,APH,203.02111589,123.13,125.25,25428.39,430.40,0.017218
2025-10-01T18:42:16Z,CENX,958.95550441,26.07,29.37,28164.52,3164.55,0.126582
2025-10-01T18:42:16Z,HIMS,195.00000000,57.00,56.67,11050.69,-64.31,-0.005786
2025-10-01T18:42:16Z,RELY,550.00000000,16.24,16.28,8951.25,19.25,0.002155
2025-10-01T18:52:45Z,ANIP,262.98779590,95.05,89.59,23559.79,-1437.20,-0.057495
2025-10-01T18:52:45Z,APH,203.02111589,123.13,125.53,25485.24,487.25,0.019492
2025-10-01T18:52:45Z,CENX,958.95550441,26.07,29.36,28154.93,3154.96,0.126199
2025-10-01T18:52:45Z,HIMS,195.00000000,57.00,56.68,11052.60,-62.40,-0.005614
2025-10-01T18:52:45Z,RELY,550.00000000,16.24,16.28,8956.75,24.75,0.002771
2025-10-01T18:58:03Z,ANIP,262.98779590,95.05,89.08,23426.95,-1570.04,-0.062809
2025-10-01T18:58:03Z,APH,203.02111589,123.13,125.18,25414.18,416.19,0.016649
2025-10-01T18:58:03Z,CENX,958.95550441,26.07,29.40,28188.50,3188.53,0.127541
2025-10-01T18:58:03Z,HIMS,195.00000000,57.00,56.44,11005.47,-109.53,-0.009854
2025-10-01T18:58:03Z,RELY,550.00000000,16.24,16.26,8940.25,8.25,0.000924
2025-10-01T19:11:49Z,ANIP,262.98779590,95.05,89.74,23599.21,-1397.78,-0.055918
2025-10-01T19:11:49Z,APH,203.02111589,123.13,124.75,25326.88,328.89,0.013157
2025-10-01T19:11:49Z,CENX,958.95550441,26.07,29.32,28121.37,3121.40,0.124856
2025-10-01T19:11:49Z,HIMS,195.00000000,57.00,56.27,10972.90,-142.10,-0.012784
2025-10-01T19:11:49Z,RELY,550.00000000,16.24,16.24,8932.00,0.00,0.000000
2025-10-01T19:23:22Z,ANIP,262.98779590,95.05,89.52,23542.67,-1454.32,-0.058180
2025-10-01T19:23:22Z,APH,203.02111589,123.13,124.85,25347.19,349.20,0.013969
2025-10-01T19:23:22Z,CENX,958.95550441,26.07,29.34,28130.96,3130.99,0.125240
2025-10-01T19:23:22Z,HIMS,195.00000000,57.00,55.85,10890.75,-224.25,-0.020175
2025-10-01T19:23:22Z,RELY,550.00000000,16.24,16.24,8932.00,0.00,0.000000
2025-10-01T19:28:56Z,ANIP,262.98779590,95.05,89.43,23519.00,-1477.99,-0.059127
2025-10-01T19:28:56Z,APH,203.02111589,123.13,124.89,25355.31,357.32,0.014294
2025-10-01T19:28:56Z,CENX,958.95550441,26.07,29.50,28284.39,3284.42,0.131377
2025-10-01T19:28:56Z,HIMS,195.00000000,57.00,55.90,10900.50,-214.50,-0.019298
2025-10-01T19:28:56Z,RELY,550.00000000,16.24,16.26,8943.00,11.00,0.001232
2025-10-01T19:36:35Z,ANIP,262.98779590,95.05,88.87,23371.73,-1625.26,-0.065018
2025-10-01T19:36:35Z,APH,203.02111589,123.13,125.07,25391.85,393.86,0.015756
2025-10-01T19:36:35Z,CENX,958.95550441,26.07,29.47,28260.42,3260.45,0.130418
2025-10-01T19:36:35Z,HIMS,195.00000000,57.00,55.78,10877.10,-237.90,-0.021404
2025-10-01T19:36:35Z,RELY,550.00000000,16.24,16.26,8945.75,13.75,0.001539
2025-10-01T19:42:13Z,ANIP,262.98779590,95.05,89.18,23453.25,-1543.74,-0.061757
2025-10-01T19:42:13Z,APH,203.02111589,123.13,125.26,25429.41,431.42,0.017258
2025-10-01T19:42:13Z,CENX,958.95550441,26.07,29.47,28260.42,3260.45,0.130418
2025-10-01T19:42:13Z,HIMS,195.00000000,57.00,55.95,10910.25,-204.75,-0.018421
2025-10-01T19:42:13Z,RELY,550.00000000,16.24,16.28,8951.25,19.25,0.002155
2025-10-01T19:48:05Z,ANIP,262.98779590,95.05,89.60,23565.02,-1431.97,-0.057286
2025-10-01T19:48:05Z,APH,203.02111589,123.13,125.03,25383.73,385.74,0.015431
2025-10-01T19:48:05Z,CENX,958.95550441,26.07,29.51,28298.78,3298.81,0.131952
2025-10-01T19:48:05Z,HIMS,195.00000000,57.00,56.54,11025.30,-89.70,-0.008070
2025-10-01T19:48:05Z,RELY,550.00000000,16.24,16.24,8929.25,-2.75,-0.000308
2025-10-01T19:53:40Z,ANIP,262.98779590,95.05,89.95,23655.75,-1341.24,-0.053656
2025-10-01T19:53:40Z,APH,203.02111589,123.13,124.97,25371.55,373.56,0.014944
2025-10-01T19:53:40Z,CENX,958.95550441,26.07,29.57,28356.31,3356.34,0.134254
2025-10-01T19:53:40Z,HIMS,195.00000000,57.00,56.39,10996.05,-118.95,-0.010702
2025-10-01T19:53:40Z,RELY,550.00000000,16.24,16.24,8934.75,2.75,0.000308
2025-10-01T19:59:07Z,ANIP,262.98779590,95.05,90.23,23729.39,-1267.60,-0.050710
2025-10-01T19:59:07Z,APH,203.02111589,123.13,124.75,25326.88,328.89,0.013157
2025-10-01T19:59:07Z,CENX,958.95550441,26.07,29.48,28265.21,3265.24,0.130610
2025-10-01T19:59:07Z,HIMS,195.00000000,57.00,56.24,10967.78,-147.22,-0.013246
2025-10-01T19:59:07Z,RELY,550.00000000,16.24,16.20,8912.75,-19.25,-0.002155
2025-10-01T20:18:46Z,ANIP,262.98779590,95.05,90.18,23714.92,-1282.07,-0.051289
2025-10-01T20:18:46Z,APH,203.02111589,123.13,124.90,25357.34,359.35,0.014375
2025-10-01T20:18:46Z,CENX,958.95550441,26.07,29.40,28193.29,3193.32,0.127733
2025-10-01T20:18:46Z,HIMS,195.00000000,57.00,56.30,10978.50,-136.50,-0.012281
2025-10-01T20:18:46Z,RELY,550.00000000,16.24,16.18,8899.00,-33.00,-0.003695
2025-10-01T20:33:33Z,ANIP,262.98779590,95.05,90.18,23714.92,-1282.07,-0.051289
2025-10-01T20:33:33Z,APH,203.02111589,123.13,124.90,25357.34,359.35,0.014375
2025-10-01T20:33:33Z,CENX,958.95550441,26.07,29.40,28193.29,3193.32,0.127733
2025-10-01T20:33:33Z,HIMS,195.00000000,57.00,56.25,10968.75,-146.25,-0.013158
2025-10-01T20:33:33Z,RELY,550.00000000,16.24,16.18,8899.00,-33.00,-0.003695
2025-10-01T20:43:11Z,ANIP,262.98779590,95.05,90.18,23714.92,-1282.07,-0.051289
2025-10-01T20:43:11Z,APH,203.02111589,123.13,124.66,25308.61,310.62,0.012426
2025-10-01T20:43:11Z,CENX,958.95550441,26.07,29.40,28193.29,3193.32,0.127733
2025-10-01T20:43:11Z,HIMS,195.00000000,57.00,56.30,10978.50,-136.50,-0.012281
2025-10-01T20:43:11Z,RELY,550.00000000,16.24,16.32,8976.00,44.00,0.004926
2025-10-01T20:49:23Z,ANIP,262.98779590,95.05,90.18,23714.92,-1282.07,-0.051289
2025-10-01T20:49:23Z,APH,203.02111589,123.13,124.66,25308.61,310.62,0.012426
2025-10-01T20:49:23Z,CENX,958.95550441,26.07,29.40,28193.29,3193.32,0.127733
2025-10-01T20:49:23Z,HIMS,195.00000000,57.00,56.22,10962.90,-152.10,-0.013684
2025-10-01T20:49:23Z,RELY,550.00000000,16.24,16.32,8976.00,44.00,0.004926
2025-10-01T20:55:04Z,ANIP,262.98779590,95.05,90.18,23714.92,-1282.07,-0.051289
2025-10-01T20:55:04Z,APH,203.02111589,123.13,124.66,25308.61,310.62,0.012426
2025-10-01T20:55:04Z,CENX,958.95550441,26.07,29.40,28193.29,3193.32,0.127733
2025-10-01T20:55:04Z,HIMS,195.00000000,57.00,56.22,10962.90,-152.10,-0.013684
2025-10-01T20:55:04Z,RELY,550.00000000,16.24,16.32,8976.00,44.00,0.004926
2025-10-01T21:01:27Z,ANIP,262.98779590,95.05,90.18,23714.92,-1282.07,-0.051289
2025-10-01T21:01:27Z,APH,203.02111589,123.13,124.66,25308.61,310.62,0.012426
2025-10-01T21:01:27Z,CENX,958.95550441,26.07,29.40,28193.29,3193.32,0.127733
2025-10-01T21:01:27Z,HIMS,195.00000000,57.00,56.25,10968.75,-146.25,-0.013158
2025-10-01T21:01:27Z,RELY,550.00000000,16.24,16.32,8976.00,44.00,0.004926
2025-10-02T13:19:11Z,ANIP,262.98779590,95.05,90.18,23714.92,-1282.07,-0.051289
2025-10-02T13:19:11Z,APH,203.02111589,123.13,126.00,25580.66,582.67,0.023309
2025-10-02T13:19:11Z,CENX,958.95550441,26.07,29.74,28519.34,3519.37,0.140775
2025-10-02T13:19:11Z,HIMS,195.00000000,57.00,57.12,11138.40,23.40,0.002105
2025-10-02T13:19:11Z,RELY,550.00000000,16.24,16.29,8959.50,27.50,0.003079
2025-10-02T13:37:42Z,ANIP,262.98779590,95.05,90.62,23832.24,-1164.75,-0.046595
2025-10-02T13:37:42Z,APH,203.02111589,123.13,124.73,25322.82,324.83,0.012994
2025-10-02T13:37:42Z,CENX,958.95550441,26.07,30.10,28869.36,3869.39,0.154776
2025-10-02T13:37:42Z,HIMS,195.00000000,57.00,57.92,11293.42,178.42,0.016053
2025-10-02T13:37:42Z,RELY,550.00000000,16.24,16.20,8907.25,-24.75,-0.002771
2025-10-02T13:46:10Z,ANIP,262.98779590,95.05,89.64,23574.23,-1422.76,-0.056917
2025-10-02T13:46:10Z,APH,203.02111589,123.13,124.42,25259.38,261.39,0.010456
2025-10-02T13:46:10Z,CENX,958.95550441,26.07,29.92,28696.74,3696.77,0.147871
2025-10-02T13:46:10Z,HIMS,195.00000000,57.00,58.09,11327.55,212.55,0.019123
2025-10-02T13:46:10Z,RELY,550.00000000,16.24,16.21,8915.50,-16.50,-0.001847
2025-10-02T13:52:11Z,ANIP,262.98779590,95.05,89.60,23563.71,-1433.28,-0.057338
2025-10-02T13:52:11Z,APH,203.02111589,123.13,122.85,24941.14,-56.85,-0.002274
2025-10-02T13:52:11Z,CENX,958.95550441,26.07,29.94,28706.33,3706.36,0.148255
2025-10-02T13:52:11Z,HIMS,195.00000000,57.00,58.09,11327.55,212.55,0.019123
2025-10-02T13:52:11Z,RELY,550.00000000,16.24,16.29,8959.50,27.50,0.003079
2025-10-02T13:57:57Z,ANIP,262.98779590,95.05,89.84,23626.82,-1370.17,-0.054813
2025-10-02T13:57:57Z,APH,203.02111589,123.13,123.39,25050.37,52.38,0.002095
2025-10-02T13:57:57Z,CENX,958.95550441,26.07,29.68,28461.80,3461.83,0.138473
2025-10-02T13:57:57Z,HIMS,195.00000000,57.00,58.12,11333.42,218.42,0.019651
2025-10-02T13:57:57Z,RELY,550.00000000,16.24,16.25,8937.50,5.50,0.000616
2025-10-02T14:14:10Z,ANIP,262.98779590,95.05,89.44,23520.31,-1476.68,-0.059074
2025-10-02T14:14:10Z,APH,203.02111589,123.13,123.09,24989.87,-8.12,-0.000325
2025-10-02T14:14:10Z,CENX,958.95550441,26.07,29.52,28308.37,3308.40,0.132336
2025-10-02T14:14:10Z,HIMS,195.00000000,57.00,57.78,11267.10,152.10,0.013684
2025-10-02T14:14:10Z,RELY,550.00000000,16.24,16.08,8844.00,-88.00,-0.009852
2025-10-02T14:33:15Z,ANIP,262.98779590,95.05,89.29,23482.18,-1514.81,-0.060600
2025-10-02T14:33:15Z,APH,203.02111589,123.13,122.17,24803.09,-194.90,-0.007797
2025-10-02T14:33:15Z,CENX,958.95550441,26.07,29.24,28039.86,3039.89,0.121596
2025-10-02T14:33:15Z,HIMS,195.00000000,57.00,57.60,11232.00,117.00,0.010526
2025-10-02T14:33:15Z,RELY,550.00000000,16.24,16.05,8824.80,-107.20,-0.012001
2025-10-02T14:44:13Z,ANIP,262.98779590,95.05,89.00,23405.91,-1591.08,-0.063651
2025-10-02T14:44:13Z,APH,203.02111589,123.13,122.78,24925.92,-72.07,-0.002883
2025-10-02T14:44:13Z,CENX,958.95550441,26.07,29.15,27953.55,2953.58,0.118143
2025-10-02T14:44:13Z,HIMS,195.00000000,57.00,57.32,11177.40,62.40,0.005614
2025-10-02T14:44:13Z,RELY,550.00000000,16.24,16.05,8827.50,-104.50,-0.011700
2025-10-02T14:49:48Z,ANIP,262.98779590,95.05,88.43,23256.01,-1740.98,-0.069648
2025-10-02T14:49:48Z,APH,203.02111589,123.13,122.46,24861.97,-136.02,-0.005441
2025-10-02T14:49:48Z,CENX,958.95550441,26.07,29.01,27819.30,2819.33,0.112773
2025-10-02T14:49:48Z,HIMS,195.00000000,57.00,57.46,11204.70,89.70,0.008070
2025-10-02T14:49:48Z,RELY,550.00000000,16.24,16.04,8824.75,-107.25,-0.012007
2025-10-02T14:55:36Z,ANIP,262.98779590,95.05,88.94,23390.13,-1606.86,-0.064282
2025-10-02T14:55:36Z,APH,203.02111589,123.13,121.90,24748.27,-249.72,-0.009989
2025-10-02T14:55:36Z,CENX,958.95550441,26.07,29.07,27876.84,2876.87,0.115075
2025-10-02T14:55:36Z,HIMS,195.00000000,57.00,57.72,11256.06,141.06,0.012691
2025-10-02T14:55:36Z,RELY,550.00000000,16.24,16.06,8835.75,-96.25,-0.010776
2025-10-02T15:09:58Z,ANIP,262.98779590,95.05,88.59,23298.09,-1698.90,-0.067964
2025-10-02T15:09:58Z,APH,203.02111589,123.13,122.82,24935.05,-62.94,-0.002518
2025-10-02T15:09:58Z,CENX,958.95550441,26.07,29.04,27848.07,2848.10,0.113924
2025-10-02T15:09:58Z,HIMS,195.00000000,57.00,58.77,11460.15,345.15,0.031053
2025-10-02T15:09:58Z,RELY,550.00000000,16.24,16.08,8844.00,-88.00,-0.009852
2025-10-02T15:29:03Z,ANIP,262.98779590,95.05,88.49,23271.79,-1725.20,-0.069016
2025-10-02T15:29:03Z,APH,203.02111589,123.13,122.86,24942.16,-55.83,-0.002233
2025-10-02T15:29:03Z,CENX,958.95550441,26.07,28.99,27800.12,2800.15,0.112006
2025-10-02T15:29:03Z,HIMS,195.00000000,57.00,58.75,11455.90,340.90,0.030670
2025-10-02T15:29:03Z,RELY,550.00000000,16.24,16.06,8833.00,-99.00,-0.011084
2025-10-02T15:39:41Z,ANIP,262.98779590,95.05,88.40,23249.44,-1747.55,-0.069911
2025-10-02T15:39:41Z,APH,203.02111589,123.13,122.45,24859.94,-138.05,-0.005523
2025-10-02T15:39:41Z,CENX,958.95550441,26.07,28.92,27737.79,2737.82,0.109513
2025-10-02T15:39:41Z,HIMS,195.00000000,57.00,58.76,11458.20,343.20,0.030877
2025-10-02T15:39:41Z,RELY,550.00000000,16.24,16.06,8833.00,-99.00,-0.011084
2025-10-02T15:46:02Z,ANIP,262.98779590,95.05,88.31,23224.45,-1772.54,-0.070910
2025-10-02T15:46:02Z,APH,203.02111589,123.13,122.71,24912.72,-85.27,-0.003411
2025-10-02T15:46:02Z,CENX,958.95550441,26.07,29.00,27809.71,2809.74,0.112390
2025-10-02T15:46:02Z,HIMS,195.00000000,57.00,58.65,11436.75,321.75,0.028947
2025-10-02T15:46:02Z,RELY,550.00000000,16.24,16.04,8822.00,-110.00,-0.012315
2025-10-02T15:51:33Z,ANIP,262.98779590,95.05,88.24,23206.04,-1790.95,-0.071647
2025-10-02T15:51:33Z,APH,203.02111589,123.13,122.92,24955.36,-42.63,-0.001706
2025-10-02T15:51:33Z,CENX,958.95550441,26.07,28.94,27752.17,2752.20,0.110088
2025-10-02T15:51:33Z,HIMS,195.00000000,57.00,58.89,11483.55,368.55,0.033158
2025-10-02T15:51:33Z,RELY,550.00000000,16.24,16.02,8813.75,-118.25,-0.013239
2025-10-02T15:57:20Z,ANIP,262.98779590,95.05,88.44,23259.96,-1737.03,-0.069490
2025-10-02T15:57:20Z,APH,203.02111589,123.13,122.85,24941.14,-56.85,-0.002274
2025-10-02T15:57:20Z,CENX,958.95550441,26.07,28.90,27713.81,2713.84,0.108554
2025-10-02T15:57:20Z,HIMS,195.00000000,57.00,58.69,11444.55,329.55,0.029649
2025-10-02T15:57:20Z,RELY,550.00000000,16.24,16.04,8822.00,-110.00,-0.012315
2025-10-02T16:16:09Z,ANIP,262.98779590,95.05,88.39,23245.49,-1751.50,-0.070068
2025-10-02T16:16:09Z,APH,203.02111589,123.13,122.74,24917.80,-80.19,-0.003208
2025-10-02T16:16:09Z,CENX,958.95550441,26.07,29.08,27881.63,2881.66,0.115267
2025-10-02T16:16:09Z,HIMS,195.00000000,57.00,58.20,11349.23,234.23,0.021074
2025-10-02T16:16:09Z,RELY,550.00000000,16.24,16.04,8819.25,-112.75,-0.012623
2025-10-02T16:37:45Z,ANIP,262.98779590,95.05,89.08,23426.95,-1570.04,-0.062809
2025-10-02T16:37:45Z,APH,203.02111589,123.13,122.63,24896.48,-101.51,-0.004061
2025-10-02T16:37:45Z,CENX,958.95550441,26.07,29.12,27919.99,2920.02,0.116801
2025-10-02T16:37:45Z,HIMS,195.00000000,57.00,58.30,11369.48,254.48,0.022895
2025-10-02T16:37:45Z,RELY,550.00000000,16.24,16.04,8824.75,-107.25,-0.012007
2025-10-02T16:49:04Z,ANIP,262.98779590,95.05,88.92,23384.87,-1612.12,-0.064492
2025-10-02T16:49:04Z,APH,203.02111589,123.13,122.88,24947.23,-50.76,-0.002030
2025-10-02T16:49:04Z,CENX,958.95550441,26.07,29.10,27905.61,2905.64,0.116226
2025-10-02T16:49:04Z,HIMS,195.00000000,57.00,58.54,11416.28,301.28,0.027105
2025-10-02T16:49:04Z,RELY,550.00000000,16.24,16.05,8827.50,-104.50,-0.011700
2025-10-02T16:55:51Z,ANIP,262.98779590,95.05,89.06,23421.69,-1575.30,-0.063019
2025-10-02T16:55:51Z,APH,203.02111589,123.13,122.94,24959.42,-38.57,-0.001543
2025-10-02T16:55:51Z,CENX,958.95550441,26.07,29.21,28011.09,3011.12,0.120445
2025-10-02T16:55:51Z,HIMS,195.00000000,57.00,58.98,11500.12,385.12,0.034649
2025-10-02T16:55:51Z,RELY,550.00000000,16.24,16.05,8827.50,-104.50,-0.011700
2025-10-02T17:07:25Z,ANIP,262.98779590,95.05,89.02,23410.38,-1586.61,-0.063472
2025-10-02T17:07:25Z,APH,203.02111589,123.13,123.36,25044.68,46.69,0.001868
2025-10-02T17:07:25Z,CENX,958.95550441,26.07,29.24,28044.65,3044.68,0.121787
2025-10-02T17:07:25Z,HIMS,195.00000000,57.00,58.70,11446.48,331.48,0.029823
2025-10-02T17:07:25Z,RELY,550.00000000,16.24,16.02,8811.00,-121.00,-0.013547
2025-10-02T17:24:08Z,ANIP,262.98779590,95.05,88.53,23282.31,-1714.68,-0.068595
2025-10-02T17:24:08Z,APH,203.02111589,123.13,123.56,25084.27,86.28,0.003452
2025-10-02T17:24:08Z,CENX,958.95550441,26.07,29.25,28049.45,3049.48,0.121979
2025-10-02T17:24:08Z,HIMS,195.00000000,57.00,58.38,11385.08,270.08,0.024298
2025-10-02T17:24:08Z,RELY,550.00000000,16.24,16.02,8811.00,-121.00,-0.013547
2025-10-02T17:32:38Z,ANIP,262.98779590,95.05,88.76,23341.48,-1655.51,-0.066228
2025-10-02T17:32:38Z,APH,203.02111589,123.13,123.54,25082.24,84.25,0.003370
2025-10-02T17:32:38Z,CENX,958.95550441,26.07,29.20,28001.50,3001.53,0.120061
2025-10-02T17:32:38Z,HIMS,195.00000000,57.00,58.36,11380.20,265.20,0.023860
2025-10-02T17:32:38Z,RELY,550.00000000,16.24,16.02,8808.25,-123.75,-0.013855
2025-10-02T17:39:44Z,ANIP,262.98779590,95.05,88.67,23319.13,-1677.86,-0.067123
2025-10-02T17:39:44Z,APH,203.02111589,123.13,123.51,25075.16,77.17,0.003087
2025-10-02T17:39:44Z,CENX,958.95550441,26.07,29.18,27987.12,2987.15,0.119486
2025-10-02T17:39:44Z,HIMS,195.00000000,57.00,57.96,11303.18,188.18,0.016930
2025-10-02T17:39:44Z,RELY,550.00000000,16.24,16.02,8811.00,-121.00,-0.013547
2025-10-02T17:45:31Z,ANIP,262.98779590,95.05,88.72,23332.28,-1664.71,-0.066597
2025-10-02T17:45:31Z,APH,203.02111589,123.13,123.58,25089.35,91.36,0.003655
2025-10-02T17:45:31Z,CENX,958.95550441,26.07,29.28,28083.01,3083.04,0.123322
2025-10-02T17:45:31Z,HIMS,195.00000000,57.00,57.86,11283.68,168.68,0.015175
2025-10-02T17:45:31Z,RELY,550.00000000,16.24,16.02,8808.25,-123.75,-0.013855
2025-10-02T17:51:51Z,ANIP,262.98779590,95.05,88.80,23354.63,-1642.36,-0.065702
2025-10-02T17:51:51Z,APH,203.02111589,123.13,123.56,25084.27,86.28,0.003452
2025-10-02T17:51:51Z,CENX,958.95550441,26.07,29.33,28126.16,3126.19,0.125048
2025-10-02T17:51:51Z,HIMS,195.00000000,57.00,57.77,11265.38,150.38,0.013530
2025-10-02T17:51:51Z,RELY,550.00000000,16.24,15.96,8775.25,-156.75,-0.017549
2025-10-02T17:57:59Z,ANIP,262.98779590,95.05,89.02,23411.17,-1585.82,-0.063440
2025-10-02T17:57:59Z,APH,203.02111589,123.13,123.52,25077.17,79.18,0.003167
2025-10-02T17:57:59Z,CENX,958.95550441,26.07,29.42,28212.47,3212.50,0.128500
2025-10-02T17:57:59Z,HIMS,195.00000000,57.00,57.67,11245.65,130.65,0.011754
2025-10-02T17:57:59Z,RELY,550.00000000,16.24,15.94,8769.75,-162.25,-0.018165
2025-10-02T18:20:31Z,ANIP,262.98779590,95.05,89.04,23415.12,-1581.87,-0.063282
2025-10-02T18:20:31Z,APH,203.02111589,123.13,123.89,25152.29,154.30,0.006172
2025-10-02T18:20:31Z,CENX,958.95550441,26.07,29.47,28260.42,3260.45,0.130418
2025-10-02T18:20:31Z,HIMS,195.00000000,57.00,57.74,11259.30,144.30,0.012982
2025-10-02T18:20:31Z,RELY,550.00000000,16.24,16.02,8808.25,-123.75,-0.013855
2025-10-02T18:41:53Z,ANIP,262.98779590,95.05,88.83,23361.21,-1635.78,-0.065439
2025-10-02T18:41:53Z,APH,203.02111589,123.13,123.90,25154.32,156.33,0.006254
2025-10-02T18:41:53Z,CENX,958.95550441,26.07,29.58,28365.90,3365.93,0.134638
2025-10-02T18:41:53Z,HIMS,195.00000000,57.00,58.01,11312.54,197.54,0.017772
2025-10-02T18:41:53Z,RELY,550.00000000,16.24,16.02,8810.94,-121.06,-0.013553
2025-10-02T18:49:51Z,ANIP,262.98779590,95.05,88.80,23353.32,-1643.67,-0.065755
2025-10-02T18:49:51Z,APH,203.02111589,123.13,123.77,25127.92,129.93,0.005198
2025-10-02T18:49:51Z,CENX,958.95550441,26.07,29.68,28466.59,3466.62,0.138665
2025-10-02T18:49:51Z,HIMS,195.00000000,57.00,58.26,11360.52,245.52,0.022089
2025-10-02T18:49:51Z,RELY,550.00000000,16.24,16.02,8811.00,-121.00,-0.013547
2025-10-02T18:55:35Z,ANIP,262.98779590,95.05,88.82,23357.26,-1639.73,-0.065597
2025-10-02T18:55:35Z,APH,203.02111589,123.13,123.80,25134.01,136.02,0.005441
2025-10-02T18:55:35Z,CENX,958.95550441,26.07,29.66,28442.62,3442.65,0.137706
2025-10-02T18:55:35Z,HIMS,195.00000000,57.00,58.04,11316.82,201.82,0.018158
2025-10-02T18:55:35Z,RELY,550.00000000,16.24,16.04,8822.00,-110.00,-0.012315
2025-10-02T19:08:08Z,ANIP,262.98779590,95.05,88.73,23334.91,-1662.08,-0.066491
2025-10-02T19:08:08Z,APH,203.02111589,123.13,123.60,25094.43,96.44,0.003858
2025-10-02T19:08:08Z,CENX,958.95550441,26.07,29.65,28433.03,3433.06,0.137323
2025-10-02T19:08:08Z,HIMS,195.00000000,57.00,57.97,11304.15,189.15,0.017018
2025-10-02T19:08:08Z,RELY,550.00000000,16.24,16.08,8844.00,-88.00,-0.009852
2025-10-02T19:19:59Z,ANIP,262.98779590,95.05,88.68,23321.76,-1675.23,-0.067017
2025-10-02T19:19:59Z,APH,203.02111589,123.13,123.56,25084.27,86.28,0.003452
2025-10-02T19:19:59Z,CENX,958.95550441,26.07,29.59,28375.49,3375.52,0.135021
2025-10-02T19:19:59Z,HIMS,195.00000000,57.00,58.10,11329.50,214.50,0.019298
2025-10-02T19:19:59Z,RELY,550.00000000,16.24,16.04,8819.25,-112.75,-0.012623
2025-10-02T19:25:43Z,ANIP,262.98779590,95.05,88.64,23309.92,-1687.07,-0.067491
2025-10-02T19:25:43Z,APH,203.02111589,123.13,123.56,25085.29,87.30,0.003492
2025-10-02T19:25:43Z,CENX,958.95550441,26.07,29.61,28394.67,3394.70,0.135788
2025-10-02T19:25:43Z,HIMS,195.00000000,57.00,58.06,11321.70,206.70,0.018596
2025-10-02T19:25:43Z,RELY,550.00000000,16.24,16.04,8824.75,-107.25,-0.012007
2025-10-02T19:31:52Z,ANIP,262.98779590,95.05,88.48,23269.16,-1727.83,-0.069122
2025-10-02T19:31:52Z,APH,203.02111589,123.13,123.56,25085.29,87.30,0.003492
2025-10-02T19:31:52Z,CENX,958.95550441,26.07,29.58,28365.90,3365.93,0.134638
2025-10-02T19:31:52Z,HIMS,195.00000000,57.00,58.12,11333.40,218.40,0.019649
2025-10-02T19:31:52Z,RELY,550.00000000,16.24,16.05,8825.58,-106.42,-0.011915
2025-10-02T19:38:51Z,ANIP,262.98779590,95.05,88.54,23284.94,-1712.05,-0.068490
2025-10-02T19:38:51Z,APH,203.02111589,123.13,123.45,25062.96,64.97,0.002599
2025-10-02T19:38:51Z,CENX,958.95550441,26.07,29.64,28423.44,3423.47,0.136939
2025-10-02T19:38:51Z,HIMS,195.00000000,57.00,58.06,11320.90,205.90,0.018525
2025-10-02T19:38:51Z,RELY,550.00000000,16.24,16.04,8824.75,-107.25,-0.012007
2025-10-02T19:45:08Z,ANIP,262.98779590,95.05,88.72,23333.59,-1663.40,-0.066544
2025-10-02T19:45:08Z,APH,203.02111589,123.13,123.49,25070.98,72.99,0.002920
2025-10-02T19:45:08Z,CENX,958.95550441,26.07,29.82,28600.85,3600.88,0.144035
2025-10-02T19:45:08Z,HIMS,195.00000000,57.00,58.11,11331.47,216.47,0.019475
2025-10-02T19:45:08Z,RELY,550.00000000,16.24,16.08,8846.75,-85.25,-0.009544
2025-10-02T19:51:04Z,ANIP,262.98779590,95.05,88.86,23369.10,-1627.89,-0.065124
2025-10-02T19:51:04Z,APH,203.02111589,123.13,123.54,25081.23,83.24,0.003330
2025-10-02T19:51:04Z,CENX,958.95550441,26.07,29.73,28509.75,3509.78,0.140391
2025-10-02T19:51:04Z,HIMS,195.00000000,57.00,57.93,11296.35,181.35,0.016316
2025-10-02T19:51:04Z,RELY,550.00000000,16.24,16.08,8844.00,-88.00,-0.009852
2025-10-02T19:57:04Z,ANIP,262.98779590,95.05,88.83,23361.21,-1635.78,-0.065439
2025-10-02T19:57:04Z,APH,203.02111589,123.13,123.65,25103.56,105.57,0.004223
2025-10-02T19:57:04Z,CENX,958.95550441,26.07,29.80,28581.67,3581.70,0.143268
2025-10-02T19:57:04Z,HIMS,195.00000000,57.00,57.98,11305.12,190.12,0.017105
2025-10-02T19:57:04Z,RELY,550.00000000,16.24,16.08,8841.25,-90.75,-0.010160
2025-10-02T20:13:32Z,ANIP,262.98779590,95.05,89.13,23440.10,-1556.89,-0.062283
2025-10-02T20:13:32Z,APH,203.02111589,123.13,123.58,25089.35,91.36,0.003655
2025-10-02T20:13:32Z,CENX,958.95550441,26.07,29.82,28596.05,3596.08,0.143843
2025-10-02T20:13:32Z,HIMS,195.00000000,57.00,57.71,11253.45,138.45,0.012456
2025-10-02T20:13:32Z,RELY,550.00000000,16.24,16.08,8844.00,-88.00,-0.009852
2025-10-02T20:31:09Z,ANIP,262.98779590,95.05,89.13,23440.10,-1556.89,-0.062283
2025-10-02T20:31:09Z,APH,203.02111589,123.13,123.58,25089.35,91.36,0.003655
2025-10-02T20:31:09Z,CENX,958.95550441,26.07,29.82,28596.05,3596.08,0.143843
2025-10-02T20:31:09Z,HIMS,195.00000000,57.00,57.66,11243.70,128.70,0.011579
2025-10-02T20:31:09Z,RELY,550.00000000,16.24,16.08,8844.00,-88.00,-0.009852
2025-10-02T20:40:56Z,ANIP,262.98779590,95.05,89.13,23440.10,-1556.89,-0.062283
2025-10-02T20:40:56Z,APH,203.02111589,123.13,123.58,25089.35,91.36,0.003655
2025-10-02T20:40:56Z,CENX,958.95550441,26.07,29.60,28385.18,3385.21,0.135409
2025-10-02T20:40:56Z,HIMS,195.00000000,57.00,57.60,11232.00,117.00,0.010526
2025-10-02T20:40:56Z,RELY,550.00000000,16.24,16.08,8844.00,-88.00,-0.009852
2025-10-02T20:46:33Z,ANIP,262.98779590,95.05,89.13,23440.10,-1556.89,-0.062283
2025-10-02T20:46:33Z,APH,203.02111589,123.13,123.58,25089.35,91.36,0.003655
2025-10-02T20:46:33Z,CENX,958.95550441,26.07,29.60,28385.18,3385.21,0.135409
2025-10-02T20:46:33Z,HIMS,195.00000000,57.00,57.60,11232.00,117.00,0.010526
2025-10-02T20:46:33Z,RELY,550.00000000,16.24,16.08,8844.00,-88.00,-0.009852
2025-10-02T20:52:47Z,ANIP,262.98779590,95.05,89.13,23440.10,-1556.89,-0.062283
2025-10-02T20:52:47Z,APH,203.02111589,123.13,123.58,25089.35,91.36,0.003655
2025-10-02T20:52:47Z,CENX,958.95550441,26.07,29.60,28385.18,3385.21,0.135409
2025-10-02T20:52:47Z,HIMS,195.00000000,57.00,57.60,11232.00,117.00,0.010526
2025-10-02T20:52:47Z,RELY,550.00000000,16.24,16.08,8844.00,-88.00,-0.009852
2025-10-02T20:58:18Z,ANIP,262.98779590,95.05,89.13,23440.10,-1556.89,-0.062283
2025-10-02T20:58:18Z,APH,203.02111589,123.13,123.58,25089.35,91.36,0.003655
2025-10-02T20:58:18Z,CENX,958.95550441,26.07,29.60,28385.18,3385.21,0.135409
2025-10-02T20:58:18Z,HIMS,195.00000000,57.00,57.60,11232.00,117.00,0.010526
2025-10-02T20:58:18Z,RELY,550.00000000,16.24,16.08,8844.00,-88.00,-0.009852
2025-10-02T21:13:26Z,ANIP,262.98779590,95.05,89.13,23440.10,-1556.89,-0.062283
2025-10-02T21:13:26Z,APH,203.02111589,123.13,123.58,25089.35,91.36,0.003655
2025-10-02T21:13:26Z,CENX,958.95550441,26.07,29.60,28385.18,3385.21,0.135409
2025-10-02T21:13:26Z,HIMS,195.00000000,57.00,57.73,11256.65,141.65,0.012744
2025-10-02T21:13:26Z,RELY,550.00000000,16.24,16.08,8844.00,-88.00,-0.009852
2025-10-03T13:17:41Z,ANIP,262.98779590,95.05,89.13,23440.10,-1556.89,-0.062283
2025-10-03T13:17:41Z,APH,203.02111589,123.13,124.07,25188.83,190.84,0.007634
2025-10-03T13:17:41Z,CENX,958.95550441,26.07,29.99,28759.08,3759.11,0.150364
2025-10-03T13:17:41Z,HIMS,195.00000000,57.00,58.19,11347.05,232.05,0.020877
2025-10-03T13:17:41Z,RELY,550.00000000,16.24,16.17,8893.50,-38.50,-0.004310
2025-10-03T13:36:11Z,ANIP,262.98779590,95.05,89.71,23592.64,-1404.35,-0.056181
2025-10-03T13:36:11Z,APH,203.02111589,123.13,123.98,25171.57,173.58,0.006944
2025-10-03T13:36:11Z,CENX,958.95550441,26.07,30.10,28867.25,3867.28,0.154691
2025-10-03T13:36:11Z,HIMS,195.00000000,57.00,57.93,11296.66,181.66,0.016344
2025-10-03T13:36:11Z,RELY,550.00000000,16.24,16.04,8824.75,-107.25,-0.012007
2025-10-03T13:44:28Z,ANIP,262.98779590,95.05,90.00,23668.90,-1328.09,-0.053130
2025-10-03T13:44:28Z,APH,203.02111589,123.13,124.32,25238.57,240.58,0.009624
2025-10-03T13:44:28Z,CENX,958.95550441,26.07,30.15,28910.11,3910.14,0.156406
2025-10-03T13:44:28Z,HIMS,195.00000000,57.00,57.36,11185.20,70.20,0.006316
2025-10-03T13:44:28Z,RELY,550.00000000,16.24,16.08,8842.35,-89.65,-0.010037
2025-10-03T13:50:11Z,ANIP,262.98779590,95.05,90.22,23726.76,-1270.23,-0.050815
2025-10-03T13:50:11Z,APH,203.02111589,123.13,124.27,25229.43,231.44,0.009259
2025-10-03T13:50:11Z,CENX,958.95550441,26.07,29.94,28708.83,3708.86,0.148354
2025-10-03T13:50:11Z,HIMS,195.00000000,57.00,57.22,11158.88,43.88,0.003947
2025-10-03T13:50:11Z,RELY,550.00000000,16.24,16.10,8855.00,-77.00,-0.008621
2025-10-03T13:55:44Z,ANIP,262.98779590,95.05,90.63,23834.58,-1162.41,-0.046502
2025-10-03T13:55:44Z,APH,203.02111589,123.13,123.74,25121.83,123.84,0.004954
2025-10-03T13:55:44Z,CENX,958.95550441,26.07,29.87,28641.12,3641.15,0.145646
2025-10-03T13:55:44Z,HIMS,195.00000000,57.00,57.50,11212.89,97.89,0.008807
2025-10-03T13:55:44Z,RELY,550.00000000,16.24,16.18,8897.18,-34.82,-0.003898
2025-10-03T14:09:34Z,ANIP,262.98779590,95.05,91.00,23931.89,-1065.10,-0.042609
2025-10-03T14:09:34Z,APH,203.02111589,123.13,123.80,25134.01,136.02,0.005441
2025-10-03T14:09:34Z,CENX,958.95550441,26.07,29.82,28591.26,3591.29,0.143652
2025-10-03T14:09:34Z,HIMS,195.00000000,57.00,56.83,11081.85,-33.15,-0.002982
2025-10-03T14:09:34Z,RELY,550.00000000,16.24,16.22,8921.00,-11.00,-0.001232
2025-10-03T14:29:35Z,ANIP,262.98779590,95.05,92.52,24330.32,-666.67,-0.026670
2025-10-03T14:29:35Z,APH,203.02111589,123.13,123.74,25120.82,122.83,0.004914
2025-10-03T14:29:35Z,CENX,958.95550441,26.07,29.81,28581.76,3581.79,0.143272
2025-10-03T14:29:35Z,HIMS,195.00000000,57.00,57.36,11184.22,69.22,0.006228
2025-10-03T14:29:35Z,RELY,550.00000000,16.24,16.24,8929.25,-2.75,-0.000308
2025-10-03T14:40:35Z,ANIP,262.98779590,95.05,91.94,24179.10,-817.89,-0.032720
2025-10-03T14:40:35Z,APH,203.02111589,123.13,123.90,25154.32,156.33,0.006254
2025-10-03T14:40:35Z,CENX,958.95550441,26.07,29.87,28644.00,3644.03,0.145761
2025-10-03T14:40:35Z,HIMS,195.00000000,57.00,58.19,11347.05,232.05,0.020877
2025-10-03T14:40:35Z,RELY,550.00000000,16.24,16.25,8937.50,5.50,0.000616
2025-10-03T14:47:23Z,ANIP,262.98779590,95.05,91.90,24169.89,-827.10,-0.033088
2025-10-03T14:47:23Z,APH,203.02111589,123.13,123.91,25156.35,158.36,0.006335
2025-10-03T14:47:23Z,CENX,958.95550441,26.07,29.84,28615.23,3615.26,0.144611
2025-10-03T14:47:23Z,HIMS,195.00000000,57.00,58.23,11354.85,239.85,0.021579
2025-10-03T14:47:23Z,RELY,550.00000000,16.24,16.24,8929.25,-2.75,-0.000308
